ed9eaeb6a707f50154024b24d7efcb874a9795dd,7.332646912976552
ba12c0a2cb367af0467e479c03507c71a805d291,8.566144567458792
b7298b0fe50443a623af9b56792b330c2d052845,9.101184760630822
c60be70309789b39355dc612f36e37090ccad5dc,6.929782647837083
a22a58c5be8aa2c2700619e37f2b7a6e4efa7e6b,8.925141175305708
d5841f944022e9ef49bf6ac9b5546dd82ab2784f,8.831139200551654
eb451c65ea210bed6af798282c2c6205c79f71fd,8.536343816966124
c3e73d0362e2b21fae6edfcf518063e8a28b7b63,9.575697389567738
df9e2c6cfb6035fa5b26af3b101bacf64e95e913,6.018381581153887
99103791231143dd15aa77f2aeb87b2cd4a1c22e,5.034130236749748
e2ed5ffddf1e60198f9f138810f84b7107ca0561,4.617870084590669
8554d1155712da4bc72ec5921db3227311265359,6.9801005458478205
89fe8b96c04597a0fb63dca3a86e5f36e7580940,7.948876703345707
8b65dcf807a9de0c95c0896919da04523176fab8,7.566834720212013
b6e252e4989b3b422d69eae06831ad0bfd396126,6.773163520373381
9e0457ac0f2824c5e725d83bdeee91ed078343b4,10.0
c9c6d1fdb1bc64d7137f0fb7050e334cbb7c0f6e,9.147990222247167
ed6c052a16794cf2376b1497c505b438e9af69b6,5.293935827316618
c5d903eea354607809419b5e23c869ea16626a59,6.471991516064066
927008a1eb1983b52fe269b504f398ca185603c3,7.627668745449482
fd29d68d81bf469540c56ab7074ad748cd72203c,5.5097767084207465
d6f54f87ad964bd1cea20ffceea962f8b6236da3,9.038786707832344
97983f3249349cfcb409b75d5f53e5cbab2bfa5a,6.941202752315087
b72f0fecebc0120609eb4643631055b2e7a31fd7,8.505841105310251
f3a7769633f8060ffee4a0295c55ec9be084e3c0,8.28142363212896
abf736b0441172883ba772951733e73d557598ab,5.861319077935111
af99c21153a5cd9289febb0cc7d1f8cbee810621,4.304269832438089
f5a2b63a98287f49a07f6101717dd4c1048b9903,7.075678522585309
a9947ca4f64f3122a22c7827ae089d48db8fd76d,5.4523737034296325
d28c344507f89c41df926794e0d5a96d10349014,8.283371933690985
ac6522ed2e2b8a808bb80970ccffcb6572183349,9.053093881472602
8cf96ad1e77c722694ef03a06a781d61d632f2c0,8.24642465960005
92de4c1319bb3b07781b63801e4599302764dc5f,7.728229414379935
f0cbea39c26f2cf588e04885ddc1a439564bd782,8.596156794465385
f1299639d65fd743440958354f22154e171500d0,5.679142598053642
943f8910b7d79d76726a7c50a996a39a00fb033b,7.088597144536465
fc4d0cb084cf3b98bbe820a9fc36fd437940969e,5.472753948935717
c084f1399d2813131b70acb3920068a454cea6d5,5.976013295862877
979ddec134899a31461a05d820b9d6cad713715b,4.921306289963568
f7d331120e9b3a15cf4a0028849bf050846d5d6a,7.376850818763794
8866a6da23ad8a2abfb243905e0b5e2c98e366bc,9.398281983978922
5c67cd01bb445f9b80d30f2c551d0d42776898fe,5.817651180571707
f408354e704d901dac2f283fc8242d2787ee4813,8.360313049331692
e594aa5283c8b2076ece870504b4b6b2e9c29ca9,6.937195438007132
c5b963fdd21435b56c4cf55f49d652d92fc83093,7.966920922491057
948fbf59cd52083820e8e1682a5bc2a34793997a,9.691020169538294
c399382ea2553528d9b44a9aa6492cee7cf0b5c0,8.347081340559647
541270fc6468b9399001ee5a8bfa0cd380e1db60,5.161022290452106
d2a2d2ee79d993c9821f176d9a248223ee59b3c7,7.5801167265522995
911daa5a6058823b007274f35ba038da7ec89a11,7.920630863645011
a5b034cb2c29d312a2e5475da6174e196cfc3c1b,9.187788901888272
da7fa747f59ca321b48b414b2f884d027bc961f8,6.363274061084182
dc87f8c4ae8953d2d0bcaf1a08239547d77cdee8,7.941662209464139
8e3a076971fce919b1a5a0bc62dcef86264a1c24,8.946493902372397
987888aba1d68d84a51fcfef4131d649024e0aec,5.415678450294487
c3635fc4a7b4545fc6df8dcad81f86d1e08c66cc,7.43420189773056
8ef9f17bb904f437ec0a9849d820ed0f86843517,8.895853812395199
addfbcc77f77c6c80cc3e55261cec181722e68cb,7.932574090151798
ca84b66fa8d2c26e91bcd21dea081bb062e51711,8.47444465183292
b80a4c674f6640d304722f4a92eb9b47345f1258,5.159377120955403
a3c251eb71ac7769282f383672f19d3cf66f1b04,7.979986849071793
f2c6f4d1250f2570b4dc5edfa7d0952ec4b7194f,9.82765860816463
be7b5a55c3a0343bda6a2a6ad09c5cfe8714b27f,9.151102961085083
a593667aa30cd094ca66d70dbb5ee98fc64d38f0,5.670615826940546
c67df30ae6cf151f19df3e36d15f0361619ed47a,5.164529180521992
bf9e4a55173e6e65b88bbf4f18744ea043b07ed6,6.757983433158143
df1a661311bcb75b3b3c258c46ab75819bd6d249,7.031703859402695
a60f543d315ec120d2f433cdccc19342c9c3be02,8.65595229619327
aeae992591ef4a9423528eb6029301cbd29daff5,7.931512707068045
b002ea316ac314e47c6aceffd6583bd300962387,6.9508298002117
eaffaa19471bbf9bba8fa5808dd0904474089ae7,9.068424182069748
bdc3fba009b4d570355de5bfedfb6766746789ce,7.752422597922833
97469bc8eac2e4fd57266fa9821a50561a4d8473,8.798664251322485
fe659e147194c97b69278c8effb4041297398009,5.429788536345743
91ccfc470d803af51ecbb91da39db5592e3a3324,8.738291922443745
dcf7777f614c11ed45f8ff82f2c44d7dd15889af,5.4562485057175
248ff20c10b7d18c30fc84ce214936f5bb440e6e,5.394078625117681
8b2735093e532de21b7aabee43b9c76278bdd5cb,6.545653116312151
fe4316169ee8c83567ebc52bc629912ff65f14b6,8.727196238380529
9a8ad4a46036cc65da3ce25da0a1b9e70f979655,4.590847723248528
f1fb0a22c3c46fe87eaf8bdd97d80ed51436f782,7.873229534465111
e299749491b5a979701f0dedd4467ed53aaf7c7c,5.392090453782953
9deeecfc873e74ca5ef8b27fb6b22bf7a536ab86,5.49201553729546
f382c8f54d9fc494b6d8cc0751f694f0acbddca2,5.89455135683804
884afc60bb87e1f0d85311221487273fc5d13d13,6.815464880688796
add21f371c1ade0e82ccdacf7ce016dc151a6968,7.943261376015462
ad77e6368d86e38cbf14a33770ca16b204522863,8.36058637881926
a57d3a31b965e00aa208f4d499c0b3637f759838,6.869952332747596
dd98462b95687767f50edcdc4758ff5237c0bcff,6.913738349699436
f7ce1b89f61b8a40a961d7fee02ea31d4b27583a,8.249086225340651
ce5a9a38579b80879f4de53eaab2d0083b685d62,8.198287353471247
f4984561cc406867aa796356b6bf10a2091e67fe,5.536001963345944
137ffd846ed245676a14f1d5e8676a4ef646182b,5.3223511458193045
92e2b243f8ca7bf1ce773bedf8205980f034ff05,8.827909660240984
b8b78832d415b2137aaa400ec638ca3828510a71,5.745533425406809
b4742d304d9cd4891aac3cedf5905676e9fcc9d5,9.626454971453498
c1287b2f156f6963bdda82942a95288967e9422b,4.878290488194597
ef5d4cc5cd7a9d46f3e31572d97bd52423bae4e0,4.514304108014992
ebdfeac0c48444c5f4fd377145b2d97e12c78cac,6.499679753428143
f01795183fd859bc35b074c06fd58b5e6623fb03,5.113095311868536
ca01f93cb3384006f7af5de96bc25f924ad8bd14,5.7198704453067535
c9c9df2ea1ddcc10cc57d4e1d92b2f8b33d94538,8.03452911195727
d982afe8253215b9a75464a85bb061d5d5f7975a,6.994080263641309
a99c3a5ba8f7e25ea61f79dd74cb89d6d8bf8a43,8.719557936403952
b459886eb6e03f683c364b338a5c2f4776391dbc,5.765169293945307
add17ba1901ea9804a604aeed6ebe191d784785d,6.4851200171398204
c757c72ff79910b22c548daf9067d6a682bdbb4b,8.28345974738999
d8cb6954aff8cc17b05a205c949f36b46493eb8b,4.9462977651747355
a832f98e370c27f9fbc8e0caec05700a96e89a4e,4.312918051846834
d5cc23d9ca216f0f8c6e5ada7c4e3284a3920958,5.665926383424365
8fa7abd9421e396273c3571b177340434fc132f6,4.110602309570492
fbf5d7997f35a05b4f296b7b70b08866c13db856,7.328059583789638
c6e9fd605b75a5090b1879635a6db8da08b8a600,7.825608890058458
a576ed0ff4b19b2c864b2c489227a491ac670b84,4.2667071297671155
de163edff457321dc540b375c7b316c7f9fe73cf,9.138356676631945
92a1cd997867a6115b3d079903e63aba8dd214cf,8.17749770518883
aa01429991aa756b651364d54b7b28c2bfeb6c3c,5.599707079396335
50f17ae2d9048b293cc969aa8668b365f9773f1b,5.31445692825736
ff3fa2ec64294f37ae968159f810ebeda7966c51,5.7052998493236515
f7875ec1207504a229cd9b5ca132437c6bdd6a4d,8.432034537085123
da37e77368c2bd5a7a9792749fd6ed83e05e2515,8.378305350241611
dfc34f90e58f60b101c824e10d74b8ad0c46a2cf,7.023735242646396
06024da8147b5cf6105beb4c403f67cf1ff0aea1,6.838246516837829
4df58b4a53afe49f40e1c054f9a2e8553352e254,5.521331754378918
ba0b274a12a5891f98da7f012d4c757aeb822917,8.20093680441564
e73e06dbdc983d0a3ccccdf754b85603dd0818e7,7.63230223017165
a05a86b21a7d5922fed8c50f36d307ed7a8cc70b,8.704756373116851
87322721181928972ce2b67242f61ff23275f3dd,8.687554355943492
c001ef5d0a98bae288e504e13db2f1d4533021f5,5.354168192235051
a07cb417ba30c0e4d8cc3831f093740ece8be01d,8.339602856676274
87ce4212940578f8ab9aaab4616b104ab515d4e9,9.174509606208982
d2491eb9351f861cdcd439fd5d73883a6d681d6a,9.493723444809774
9871e11a3a4574e6b565733fe3e565f13d670744,5.62998891402786
a30f91cf4dd6e15b62a675de5087a6db82d61f51,8.618333723674954
ccc7600e812ec5b6e75a9b4e2b04f00a48d1a9dd,8.043578888396365
aa2166a08738eb1a62d78686cce70fc5572d0607,7.616092891311674
73c38d8466f153b974c09c066d1469f63b856d07,6.7879594194072315
db4c010c135d84c00fee816a085360bca2537594,8.929238700293254
8531dba6dd1818a4e3f3ba5e355e1e5ea9276afe,6.713784335026945
951b5bb9ecd6593cecd2bd72fdf62a0785bd3b3b,8.430492639108035
bca16481f37f3534abb04344ef1855b0e56140e3,7.684907126908817
f679eb92d1581b842e213a6d2a8a74a0b9ede984,4.8114825369438075
df15664e980175f8ee9ea6687b81c59f3139406f,7.563930765112723
bd53f29596985f567c39329a8f8da5100810f0fd,4.161871977989941
cb713a14e9dcf23999265a8826e204beb646626b,3.8526549128389505
fab22b3c9fd685c26953a5ffe073c4aa2a788c7a,6.056398434573419
8674a295a4ae610ccd77b60cbaa692db6a875761,8.991624994618235
bdefe60060197430834e27ee0ecc1d775f5e2b89,8.541234062325952
9f605b4802c811805adc38ae19035ded09a5e4b5,8.489616717305807
dbc27d6c8a04413d73a885a7b2c2d8db605504fe,3.207696615792439
c15e04639eb35379bc74fd289f38b1c9d21e2278,8.045203517734898
a65549b33ec5839c95aa1e9c2e50f74685ad7cc5,5.128468422139887
89b7eb7ce1dccd4f6a7eb59017ac455cf1e57766,6.481689797432983
c308727c618e21c478dba676bcea9d040d179f99,7.668013236161666
eb46bad8df84ccc42fb7bc9cc3a218247777367e,6.598675007160223
c787e77b224890e7fdcc8e2ca0c0577657d98581,7.7573830065696505
94ec21d59f07c2091e0359a0085fa6c569ed30c4,6.239786733134219
ec62a3c21a4a116991338ac88863dff35157a1a7,5.221387695230437
9081ee605de7c5e739569f3f829cba953cb918f4,8.744016894656994
e2670654203c6b5aa850edf95ea9e293939963fd,9.741593156086052
a75958bf7ddea02d2c0d5a300c83abfe240f3552,8.907055424545225
c484db51bb8e5e6218578a71ca541b135c2aa1ff,9.537043298990325
bda97a680a69285ab84aefb75abb53676e7f6b55,4.124773301307704
f2efe01b5b7d2613529468857009a02a3cc820b6,6.110621424285027
ac7569c6eb788ec3ca408850d164b68f73bb148b,7.552419892544471
911315669fafba0a06cdbf08da7cff7e81f49759,8.03038065162124
ac6104bfab84b79b7ff1f01c576e2b7442988f38,8.263632821607299
89cd14d1bb26c559102e9080a85ffa977cde7fda,6.426925078591823
e90cd427d5e229999107e56e3f06953f3108635a,6.072384846063775
a130e19ad47a6849ba0261a7a81a8d9bb93f3a7a,6.222011049108529
baccf806cbacabe5f3a91ecd093cf36b4db436a6,5.580446932971386
c6b1b85455fc8ae7de258ff95875644d77f55254,8.932064777942337
b7ea6b3de19afe8e98d52228dfcc3f3027f18891,8.13675824926656
c2dc9b42636e453c1ad8e7a5e490654d39dc303b,7.245959288539352
cfe97f961ec4d2fc578ef0aaf87f52c54a9aa181,7.305592886889487
c4dc23da121e0654017198804449e35b2e9c2027,3.2435019193817842
ea79d40b446a3660b4d0b01e53fc4a14bc18f60e,7.454578480203228
b51b95c923fbe5e4f47342faa554cacb44477016,7.211030233030186
b0f303b4bc78b12a467c465db3b050425eadbf64,7.0840554264497015
ef02ce9a2a904477907fe9135cdcbf1652180d31,6.875851955735881
908ccf9bf5e0e7ab597a09fa19d91b1a5563b43b,6.472322353957583
cd2cc30c2a3c6b967fc897beaeae9d3482163a21,8.913260861533894
e460fd665c3f541f48ac4503abf2e90b9bbb3b94,7.5333571188729405
f77371745c51f549f9a641110e52f255aaed0f10,5.777285061924514
9938999e257ea21c657f6c63ff386937544987aa,6.0265680900168945
a05ee87ddc674ddf01518fe125eaeec0820ea53e,6.431651639871165
913eb5b320c3f4b475e8064303960997b0dd7a9f,5.462190057127771
e9a8e1a87eb55c0dc1787fcaed22be98d9cc1ed0,6.467979619746814
8b43c7696dc13421431102cb4385363ee33513e0,8.082605183526752
138c5848f009c004f0b8e2379316d5ec18332ff8,5.018403159114054
a99ed97ee0e4d81fc9a8a5a5baaba5407a897b84,6.84801344795871
8d9b19c2ff7d630d2d48932f3c1d35aaa97ad51f,8.874839994799451
920523a6f06947927c3d1b9c2c902fae6eb740a1,10.0
9d549d02a71100ae95cf02deb371138097549edc,6.964935812938154
8c5d6de5fca9e769de9676c911d9e082ec1a9fb4,5.440238250411474
8968e2c95fd09b05d48b4b094529d54d06bf6da5,7.585127707075856
f8da0aad0792d4f2d30881abdbfd4029dc264842,5.890754416804347
cf6788dceae33f7826997b7fa99b5189cff1aa4d,7.5925519604776
908365770c09838aa1bc1874bf3915779910e775,9.234761584156626
d4a5c57c98a9d8e16b1dd93042d22cc422772b0d,5.271509093954304
c195c2ea359350b81a96211ccb40d03fb0501e7d,7.531992340850762
c8332f72a4f6049ef2f28e4a0fcbde9d142c8591,6.201124939139834
c0c13857d74703fa66da743d1d670bc2b9957f7b,9.560220413164426
89d4e10b3c250c027e108d10ebc00bda239e7e39,6.292961412873627
fcdf51cf37b314ebc57038046b859b3172117f4f,6.963508035765911
cdea6ad7a63edbcba925717a8c64328c255a0450,9.377468141342604
859c3b6fce7256abf5acfef957e6c04134c01e4b,9.973675151005196
911f5eafac3def56e71836d495b740cd059edbcf,8.100829940943223
f8526194e3d9450a847706ea1c474c9e1a65a3a4,7.438598809418753
85838695003ef753ce13327655b84defa54d6eae,7.234165641089443
d8cc02c7b6d2478b9f6d47664272c43801d6d9a9,7.487060094408496
bbf7f2c725fe4c3e0eb56d29707437d1603b1c56,7.383457623802014
e92f3d3e5a00b7767c239cac14b6d9fe92d5ef9b,8.859010713661192
8bf27a767fce0a5fb359059183d06e01d62dca8c,4.512720218199595
84b6b2d70924066c8345f2bc2281791ae3188da2,8.279102621045782
d3de05492e2353a5f3a80b5ea37a6de4651923fe,9.612271691720855
85bebedd9d4605ff6823f6f25c761e64a588bf22,6.760884912757164
c2ca84eba451533cc357b9c82cdc4c59227ee38d,7.781659479589422
b03084cbf44b7fc100db518a5ff7ef7e9924c260,5.371315635041973
2fa311a94bc0da6d97955730d071ad6fcc770bfd,5.794705811307258
970dc7689a54be2108e10cf65af78d85288b64e9,8.388052277675573
f94ac320b67f53eb86a68cf30fcced221092e7fa,6.709409355565321
baa9b5294556d31b066df7e0dd8b1b0b1a8bb9f2,8.920826403332018
917f1aba835e5d7e79fc124c1d7a3c8c2588cf8b,7.839170283895829
95c2c72faa0bcedf9452be96511b7ab488754e77,6.962221146434279
9167062812b68b140da9de7f824ec6131ef31a01,5.864137084713484
c41c79391cd0c8816cebc9a0b4ef1fcc5c2e4018,10.0
ce3ad9b28ad26a494e6a196c110ca405402f3e9b,6.465268008163671
cc818564efabc759f8cfd2e978029ff6125406cf,6.538571538426854
cd2b912e4a3d661cd4f500287d3bf1b4f444b7bd,7.363700939844344
85bf028205803eb9b1e5494c540ddd2938606606,8.522619787749171
e7d0678e66dad824da63837b53bb0bb38a571f42,6.9721082225342865
abae080e558fbbcf25131d47ef3dbea697548f14,8.289822582578896
ddffb03cf0301334f5a2f89626640fa8812bde5c,8.526969738287548
db7c4fbff4eaf7b21678b8b053a0c3dcd74dd2b1,9.403645120391563
badea8134ecf83e912ac6628ec12465e227c1e6a,3.4368983839617213
c3127c3c92a3d510a78a5248b4e7fac50ab81e0b,8.43915777309083
9b788cef19b68860b4cba1f072cfc4744e6610b7,4.254997493627316
afc376cc4bc5460a941a5d21f91d19f159cdf490,7.594130529484327
c52fc84d8cd2335788c472ff6fa6b3aaaa8f2252,6.094859472152507
c2da78b847fbfac6920b3c5a2086c79b3a2db8f7,9.056427085613006
aa8e2b08e043c6d844c28cb004a224615af29e90,6.872766815148038
bec0491f541a76e4fa31e17842bc573c812cb528,5.903331635919415
9843de5b71377fd3392db81e3178e11bbe90d95c,6.831140791979999
c846650d2b1b4a07f67e13c5aa56c15185f81f15,10.0
af744dfd0234f2b89d667f962f13cff1b5d0c9e0,7.237180935716115
84a17972cc6d29489bbe205a9e7feb8745726fbc,5.51935614420745
a4a81c655f21aac65297532528cba5a28e8f5ab1,8.500821215403777
d4a08e7df54afbd81401faf2e0349e88ed7fc2d9,6.768082375471731
a6bd1b3de6ceb8be610c33e3a0e4a89350700984,5.7419080532670055
eb83b2280e41f55da33ed81e62d7b8ebba9a93f8,6.4395075598753095
ce2f2072bf32af4582a24726936af34f88225213,9.22907773434602
c667e08eaa5cf47dba38ac81da9c185659db42c2,6.99958858688621
ed8ffb58d172827f17d1abead83d9b8c44b554df,2.5826091521995727
b7931b60e23916058a5767895b9214dac7a6515e,8.741880095148405
e3b9460f9a4bd3f4a5243f388246084f41e0dab2,6.395273448243312
c0b8f55536e05f6da91c3b65ddfb69dc8daa12e9,9.580246731245
f97b1dbd007f20fea2e262e62433e01ae91da602,6.603493393080494
ab7c842d24cac25a1a3852cce506ca92cb8ed428,6.290403010862434
c69dcaf9e10f52b187b13e678f9fe65505167720,9.181392181103984
99751d158308f801241e028eb7c6b0363fc6ec88,8.4200586007018
9d053bdf589efd451ff25e1977e438b11122e0fa,7.5197591859344115
9cb2a2853cd6c58a9b7d07a87ef3138c3cf723b8,8.160980123893472
98cafa82b3e7f1a3a179c62509778cf9290ca87c,6.9885865201482105
9db80a153d642e12571588fd68473c6e307195df,8.348984324502684
87752697bce404c9b410be71a45e76f3c7fc9392,6.29801575790564
980f92c1ca3d1d662e790e884a1bafb6785dfe45,6.6973849102148755
9ec591a707f8d7eaaa8b43b6faa23292511ffef3,5.842446388589086
cb0f9c7be617b2bd18ae83ee9e85b621cabda67c,8.21177796336157
a52c67c0bc1c6ae7da7c6e4d38cc7ac5a869ed39,9.700579258919312
af124b723c6d0d777c60479978e8da661b34bc2a,9.092231834595207
9981528e7324f2d92c27f163b5d0424a07f94b67,8.702660217290159
eadbb37222d32232022838b7765dea96bf38e0f6,5.9899577596416265
8d65a433657534866907ca34885953c36951db06,7.064173900928939
e7b94e593e93b6fe31083393cff1d63ca2142b64,5.54154016665354
d06025e3b7e91bb8718335f7328466206060faee,9.524190693114571
af8cb88c604c245257dfd33607bcb87cd357d3c9,5.258168504217522
f2418c1ba0f63cb975e6d8c26ce4a145b11ad924,6.942570380176118
d66918b05a4d978f6aa15979c85902d09babc898,6.786800736537739
96013c7ce1186c9a18f5127959bb867243b1b9f2,8.569305785758072
4dcdd4c95ba88786172619ebea8aad4ec757a150,5.8578202970999635
f78599d53dcb621a631b8dbc0feb5dd63e2aedd3,6.265168819469153
9a7c94325cf12595e72895187822c354cd8ef458,7.8176518662694106
f3a603f5ad05ee8b8374af6523467f1ee058959e,8.75739027675693
e3919de46ecd1f707451dad4a1ac88e5b7403f11,5.395548271155768
e6900f649459ddbd9ee38b93582378162c8d77ac,6.891204511712457
ab2a1e43f425b67817553405c41c09a9bcb0e9c4,7.317683045345419
8b3f8cb80815c489e6278cfc1a371b3bee3f6e1e,9.25862203037806
d4707fc4aa22e29062e02639a1b8c9f7ba3e6b65,5.521120865145754
8a97d52d61d704e77f82fd7f1161d98054f48f25,8.1230336145174
9c4e901d499220d23e819ffe0156ef62c7bcfdbc,7.712373304741302
ff12d6e2ab80696ed8e22fbe5497e96c68d29076,6.77545895073596
eee2c3c453eb64f9c327f09e83be35ef36528101,7.162769317043782
999704c760821f39257d453f58ae57cdc5db7cee,9.005768068510356
f42621bb38f167d2de3d662cbe897f5fd1234aa3,7.851208436218666
d7af1840c8914a381ffae4617c33ab76833d9513,6.918207536026371
b52028ddeb0e0289019154f32e763393f83a30a9,6.78651265011546
b2b334fbcfc12bdf6bba8dc45aa8ade3ddb746aa,6.639004547028809
f1302a0b13ef669e0d797c1d4106355cc43f7144,7.082802586307205
a0ec1fa9ef85571c363b1ff524a7bccd583b0ee2,5.557980304583596
f861873a2af44519d0c30b7b390257e28084c360,7.855314775881771
9c8c8ca8e36d83954ecf380f84b01759c8363df6,7.133849415895789
9906fd2917a481b373848f6d084228f34ace63a4,7.2665203310149895
a211065a6e065d2421b924d4e9314f1026611aa2,5.562434122707408
3d4f612148056feeb651f4711c1f640f5015101a,2.2396923686868315
ddc549a4ced606b9181bc2e6e0bb75824fc20f70,8.369198719948347
92f51b59f25a16e76b18441fbe797a2fa2a5d3b5,8.15584626648772
ebe0702c8a0d906044fbc61cf18d3f8dc9aacef9,9.631963150425715
89521736c16fbbd86315c3f3c555132aee8896ae,5.254851833708699
b1e8855867b91eadecefd05a09f101799008b8c7,6.115638126308594
aba3f0810ff4abb82c285780965735f59dffc070,9.237972560649576
f126cb73dbad037e40b322f82b6f40e92a15a595,6.1257529100523005
be6f4f4f657c80883591c6749a7951f9c992e4b9,8.878127167246525
aa1696aba3e93761b292c97c68bb0e06bb2f537d,8.504370693246972
ea8f19a7914d05412dc4159108d93d42a675e2e8,8.172566120827184
952c0daa0b72620df1288d516f0a2abeb5b3986d,5.324891347475971
adf4cd4036fe7649e15bbc8379f224685017b379,4.74994249233999
8f7402db46b9b2a95aaa8282be9e471a3ee659ba,8.019687673394719
df42fc345b50f42b32dc5f9df420978b1cda663d,8.333018144430735
af618fc07f8f8c9e1697d7e8ce5cea9dd4ddee00,9.57093947545979
cee41e969faac5fdd054a726b10fb09228eb7061,6.978361089764055
e7cef9ca74dbf2dc906e3216004a1b5e6a96e241,6.65330027325493
a9da415ddd0567c5995957b2239621158a4521f1,8.655016386991155
9f8f3fbc1f6d3f36859a33054203c55d028c6e65,4.331474715425886
d5155526fe2b5c2b956687b34d478647ef6bd092,7.733845486840141
c352dbabae85680f4ce4ebf67886666ce47edade,5.112262404672072
db5924e7ed00c9136308999827d50dbcecae5091,5.86884641349174
c3bf932c28538beb5024e80bd06e09c44661c8f7,4.060033648420847
eda32ee9ebe79ae7f85927db19cadc6199752dfd,8.067098929846605
d0f28e44db91cce7caff1db428643300dfb3392f,6.1906596152780935
c162ce77f4002856b569f63b1e2b58ccd6d961e2,9.917475933746275
b6de7562a3dfc6522d1d9f86967f5159e3f2f090,7.5468224402130115
8b557374000feae5ac9aee7b4078bfea53176ffc,7.110061584021634
0bf111a9caedf02804f6991792490e63bc21058a,6.936580968503822
a5aef107fcfe6b7323ead96aed8ef74a69efe042,8.685324077714146
bfe7f84ef78bc0134134fcb799465996fa84e4b0,8.53730403225199
bba75421c48ff666a96646bd283072492fc712ea,6.32043911114187
df8fb59599b421d91967aa7d053fa72e91e4f6fb,8.993556883470944
9eef5b76500d606c0ace08b9cd3ee9403e9e9664,8.270265960280124
8e20affd5aca29391f582b7dd756c83205297c11,7.654098537729879
cac291a9658d7ef15e1ef0c71b188d96eec19ad0,6.523637628769279
e45204eccdaf94faa580c54b1fe1289c97b1f56c,5.191867500652905
be40efffa2a2ea77d3d2fb0cf1f8dd6a8da2b287,6.900423125185888
b11c7371190aaf26293afea3ba2146f21205f73f,7.567466013827087
f4c3f24024c2e96ed13a845b5ad7213143844d9f,7.540449832777483
0eb93817d6eb3d5bd3e44dbc75971eea193b924f,8.199785761841309
c87d4a1dca2349d1fbdff1c6d6a57708c1df793e,9.734270234195002
9c59b505cc82ae66d54df9629666137c9527e56d,6.68920884563806
d615e34b407b1816d1ae062d56a466c1d17b68ae,9.35001233703402
d68718e7e9140ca136bf5e39efd7c122632ebba2,7.845473633191135
bbb7c8095658b847103c47aa2a4b55440b0e9ffe,8.469482787629563
bc1f0dc5b937d54fa64e44c1e4e0de0e5a4724c1,6.952031787982575
ad3d8c094d5606a8005bb22a4cf910e497a03224,6.064710471873309
8aea6c59a11267f4143312770b4c84a2be56f353,8.707500003146405
cf5422ab2f6793f4d5930d2901e652ed7dadac9d,7.141280915690394
8576d2d269326a29503a1763996227723fa531a7,9.115354590291414
cd1c8085cc77aaebd3c527b4ecae7e9150ce0d77,8.472985633727184
e2d88e3ad6275b7eca2bff120e467f9158b29fc5,5.711719010125085
4f571f241bb2d884216b4712cdcd482e310a718a,5.598095439128805
9e4c480f54169dd91629ec30917139f2b16bf6b3,7.833053149981632
c0986547994c0c40ee739f045a02e1ce427ec132,6.7982182691833035
91eb4058d0937eb5499d0f6b2a8dbae6f47eddf9,5.85470064517235
892240639d1170ec0f4bb6248ba3e9bd390ed089,8.32446507443893
87b3a5eca0c70c7828168756cd7813cc8b3285bd,7.883988455829309
75ef6c3aff156ef52aa846c2fc3b26271e50e335,5.750076130613067
c32840e4bedac9715b49ce3f04b3dedb98007cfe,2.9075642055741504
aef76b2d6bbd67cf3aac958965862b263c50d4e6,6.921023368946082
fcd6e54df612c033e7a465155046b5223ca4eee3,5.542210921258645
a50e88cb6830931dd1271dfc49b3497d63bd436b,6.622271706167622
9bbf52d74e4300842b27973d5e1d65a74c54c1b9,4.294082516445118
b7297bd49e99532695b6290f29fac82928f9e03d,9.063079432652788
c047e3345530b4b4634715536ac54cec9c756b66,10.0
d023d3790457d12ac59581326aff1a396b206d09,6.775257363277046
c2ac862e74879f4b60191f0bb1397eff1e157c8b,7.422819525308412
8960e95f79cd20b46b7e8fd09d0aa88015566a9a,8.577301406738433
ca3bb5c80bd96ba545e0a42232c6fcdb55f7106a,6.890496196068783
e20abeea371227f8a6318491ca3c0211afbdc1a1,5.1436758894234025
e40337a34c269120bffcc76e69700d06f6d716ce,8.36996755065779
f639cf4aa4008b2bf51b274cc01dede03666150e,8.318260226023042
b729f209cdcbb802e5f6f16fd902793131660968,7.8286899321663155
f05838da14ca1dad97a5cc0c58323c6df9153257,8.718501525505971
b0718e2faa64ff947c0ba9e9516616b44c8f4a5d,6.449709536357543
cc8edf9c827fef5ead4c85eabf96ca7033ddf165,7.412695129648014
d37f552ad5c3e1e1c3fc9aebbea6cf50e1b9f334,6.67520995423752
ab4899d3252b533827ab7d15261b9edb38cf0a7a,6.4949967938629385
a244f431e70a9d4c780ac6914b564d98c04ac7ff,5.60961043783848
39713cf2db02601e4bd6360ba70f8013c0433f48,5.079815173496346
d94808bbe3e5b3ffc39c8d68e0eed70929c70762,6.836278979513192
c0d3079f5b83f8962c439707b96c7ee43be2ca18,7.789853274597577
a11fcd52b2df310a3f3bf8e0561a2c587005e96d,8.60014126408066
dea33f83f3cd94f54f1063a0cd22eab07ec8d3cd,7.632907543605157
ffe872165621d735a48bb5db0c71dd5195cba359,8.608570655462024
d4ca57e34b4e28a3a0c73339e0c72db036894d3a,8.15236031800978
f947938c0e7c1345a488d9f17a74331ca6f478dc,8.590212338487742
f3d6d22e76fc586bffc4f5ac1d73f096f03efa0f,9.056764314544754
cf4bc843e5bd6ba302b1289af66f383b0329d6bf,3.954192941856686
87e4a8d6efab19e147f510e9b5d10c0d0ff5845e,6.760180224545759
e8335df6f0ac481c6ac16096889c51cb95ab2f6c,10.0
ec7d2ce8cce8253208e8d0ae74991b46ce2eadf0,6.668406986851186
36dbfe4759f861ee72011812df2178cbbfd736a1,5.828273726134864
ea55b410ce0e38664c6597e4bfa09fce84399461,7.272047522823447
8819c6723e6d42ad569274ebe2ce4212fd8621c4,7.4880504292903085
f5674c61e82766371ddd913c99e6b70414f4dd55,8.476995673972912
9038ddd6c0d498cb8c65b4510e99e8527eabd40c,8.427977309006188
aa8508f6aa7e91da7efc770fc0e04c471463ffeb,5.160661728790528
86adc493a1cc74328222a194a1d1e3adf098b5c8,8.317362345710666
edcb11b4746d7b8056929a37a11e81b0fe3202c9,8.964694231419713
962de82430c78164a7c1cceffdfe31dd0f3c3cd3,6.979155446086242
c8944ded19113906cf130904726028c5c1a11138,9.095666357697146
e4935a868e50ec1951f892af50e2f5886c935919,4.077255280068534
feb8a2859a011c59efd22ed419cb69288fe03627,8.174685162098186
73ec1e02101d9e26fb75fe8580eec218d09ba78b,3.545860137684641
bb6bcc05d3ef04c14c73ce93dad8c9ea60f5297b,6.840651685102519
035f97702f2c01d26ab1fae8f39ea2f98a0caa3c,5.640691895652722
c9d7b86399869ced995a6e467a257c3915339562,4.711357056367351
dbb0e3f3c32292438fbd39684d9f1ad153bba64a,8.024401367329258
d57eca033aa6388430166086ed3d0390ffefa85d,8.549869304615838
67f697ac574661dca982dcd95ba358bde5b48a8e,5.434220221071011
b75c5320a2ce606e7c46d1f82723e1e461f37a68,6.998569771696308
947a2e7cf57ae1a546f98831d861cd87c4fd5ff5,8.249769663123434
f5ede5df58c2ea59be6b8c8097659bb8c2e9d0e9,9.29230336502525
7494b38c6d82b590c4afa6cc975f583f51395177,5.550375501941515
faab34a8374299678ccf4eaa3628cdba3b65bfa6,5.0477844151410185
861075bc29124627aacce66a29c6dd835abcf3be,5.598001834490734
ee30201b0b1261fcb6cf010787990ec87343d300,5.476062827641688
d7a319cabc8e30b748e2beca44fc575fc83197d3,7.692752348654228
2855b4b4d03c37c94117e615a25e0e321ec8d77a,8.740413683052775
eb001120a0f842e5bbfd786652695628bd65090c,9.104109617210067
b2c520e7e4ea03898e0b8204fea068149d5535c8,8.214568401301982
d0561a58b05777ad43db1e0627d8770d37c48d5e,5.479702826594045
a632e2659eb116c7514dd825ffaa8939365c71e2,7.134784216536486
d5179819718a325ee33fa2096f37995ea6cfea8c,6.136163153107825
aa2ad4e1f1035826e6351e1e801eb57c0b494267,7.004722553098957
67212308d026508fd5b6942ffbbdd7b0be2e89de,6.2720989221991434
a6f3201e19df0a0fdf0a3d878d6a8d2e50eefc70,5.553560768931366
a7442b91887824d182c90cd82955b97a1404dc21,5.456185783032741
e25991f3bf474e9b542b09aef2407a78f3ffc61d,4.519130947793964
8fdb7157f90753735edf97fcc828b75e6a8042d6,7.833281361537162
b7047722486e995e27292b5ab1945d72ab5a3708,6.762937605530661
accf49bc7124b7fdffea9e75a869a597c4e8adce,5.393194054078652
ca6829e71c271976a4eeae12cbba5e49f232da3e,7.719331712373652
ea0a8f0b0b712337c3740e6ad5293f3dc47db568,6.433645903126333
adcfbf9c58d92335f9b971f6a9afd19d9feab214,7.708074688066338
c52befc118a44669cbf7912b419dfc433c1c0eee,6.07381768829669
61c0c30e1af44a3ad57880bfab7a88591a434b92,5.397938791448105
c4f595ca17b4c13287b0beec0dbd45d0e356055b,4.967783822124228
2383a9a33025aa8759fee9a890f6420df0fc8b47,8.101090939386365
f18c98fe93f825e2c01296bad47dc072ff70eef1,8.916190788664514
b3f68ef83acd623f98f4a03fc633905fb2a5b027,9.922188929451021
93bda77bd8d32e4fa1a0549b76f807fbc22f1f7f,5.633606562079333
909386947a62f62c8b94ddde0b623b87c01e2524,6.3649838967034436
c2660985c0dbf52fe68f7d3620fffa6ff8f2794f,7.911454867945867
d8ad4586476ab6240c0ec83f3c12cd4cc7a8f622,9.159852481301385
c28a837bbc21a0b6ea686c34b12a7e6badbc9140,7.103137032112901
cc431fffd568a0d46d302233b4d71bd216fa94f3,6.733394405072003
90d54808ce52c41418550421c387818cae759dec,8.321044719233267
a9ccae25b9a8738fd3ce42dfb0fc5e92ca9b8d7f,6.078851500210321
0d815307d5307124d148bbebfb41497230c4bd15,8.806579139593065
8d0a196c1c472a4601384f4235f293c4a341b3a9,7.766043930269966
ed3e0c98995edeee0b0a55fe15929a82097e93fe,6.53726863905588
a62742a35ef9194f7da07e547fe13f99bb6257bd,6.8310026967438295
e3c9abe5680cb3851ac38d00a01c46f58b6aaaeb,5.452885148428122
798e6393c36bd3b6dc0a9f97de7d4c87a6e5b252,3.366450879442419
a74f9942a4bf89bc51a259bdd7f5427f1ccc82f8,8.41838906169856
6434afe6261c6f3f4fdbad511a2db8ef090f8c07,4.913327987994752
b68533a39390311fdd9ca8baced33145784eb561,8.328321209593096
df90d9da415c30c25a16e21ca85638577961e81b,7.9061599359879615
cd32daa7c1ff3ed117a127c9c185c1b53a396138,7.207479300499214
dace1e5b88ac51d7bd53523ad70f8d5d188b9368,7.372304824994074
f90fb4df43d85aad3ae9602aea19fdb4f47de984,7.5406373517138
72a34636b5a1de1c3796e43d5abc564b4d0803e7,5.384303353682521
d5e3e0d1ec5eae8e2fc08b9c3607cc766be6dffe,7.499654741326734
a274dc9836c18bf295e9e81afecbdd72825ea79c,7.550463775960296
a1d026f103e45011fefbfd9ddc32eedf16edd5f8,5.439305888152436
9de51c3306c206bfeaf41f4aafc8526300a9f103,7.502470783600373
dafd07b7aab7dad9894cee44cad55efc89255614,7.503015744694393
e15002a49ed03188f18c7a791c458c19d1ec973a,7.1328681187340575
899bf68f741b96e69c8b1d6bf22fd86e00b7c00f,5.4921622581510405
b11bdeda44addd99b9b0cdc016fcd27262b51fdb,5.440906847541093
f7b65fa8dfbc07f71d9e206d1e1fd35b986cab65,7.176258157549016
ae84ba8c1585fe80b8d2cc991a9cc4af2921a2a2,8.952880149055785
f38238ea1bfa182b81a7d73d563b61dbf2825754,7.606269946197585
8ee77ba42fdd6aff7a9eaa84d70064c4cb39cdc2,5.632539144053672
d84468682013517fdcb3506ee81783dcbdf3bad4,7.623160990918933
b25340984452108c2928e20f412866a7dbf4646c,9.08339352887581
cfe62afe7795494a49cfaa46bdf17c38a3c0d284,9.957221658243153
e63a9cdc387a31ea563ecc24b20eb824a8c54ebb,6.982006017711324
a1b60c404f7df8f6f2695982048cac298567b821,8.261069120494382
f7e7c21b753521a3f4eb226d9c69d71214e183bd,6.575136154188549
12887fd9a4df4ba9b88a71f3fb1d2502a75995dd,6.419905745506448
b392a38d92631885c3b63500548976ac63518da7,5.133825058391963
9e1f7de0fe95b78cc2236adb52b0420b382b40c3,5.334761030836093
b6535907c852434b9243df7a0e65f04d688d049f,6.767806342451524
8c6976c873d2ab3f4af9188a4189c46a032a53d5,7.851065908826909
f35248e9e95942a05313dda4f3a677705d8c651b,4.671202921997299
d13ea487552242f9c688d613dab06ea5b8a867a1,8.027514928251364
d11774bd10cd517b1cde216ca391e76efaf59b44,9.613724369308008
9a20834c7ddbbf82eff849ff8e4f321b856970de,8.228580290404437
fc83d8b4ec86934a2daa128311afedeb0ca5fd50,10.0
952e48fc51ee7afbd972a8305c2f22a80ce9ce92,6.4333311750582896
cdfb7ea46096b2a49dd710ef5dfe7bb354cda15a,7.029473871048453
ac018ab3a6242492006b3ca1e0c508abd1761538,8.721613572039455
e65a627881df5d3e0bfad77c56221d858da5ead0,7.807685656523571
ea7332c6a62cada8a8e85200ddb71fed941ce876,6.157706475094466
86a7e49131f2acbd350c4b0b9a2243838bd4e122,6.920126232581065
921b990c548efb5620585b0fe3049ed43dfda903,7.542036221240974
a727c00002127704e5ae41a4a08948dc43b4aefc,7.93443272149514
8d811d7887c2c868b631a2bd296412bde2b49bae,7.13848122009901
cb7cbbf59876001661704aca5fa8d70467f514a6,9.945915798012654
410357eb9129023509cfaf8d38be61c050bb3b05,2.594224486364913
bd81b591d06c4a726078a831c11516d6ee27541d,6.192374127013737
9b9216e586500b4d619e331890d3745eea1176b0,7.04083213426161
b56069b7f468c9cb3ff1ed8830af52d4e2fe60c0,8.131449590639477
f01bb96987327c1dfec6ddbc980cfd85650f20d6,8.099191536516493
d0d3472fa981f90d8e6d036dea4bb627c73b6592,8.02707597053007
8d14518288c33c098206996aab23c31b3eefc864,5.205179678375122
8dada7632816cb20f182c306ae74184ea9e056fb,6.764370197917335
e105dc9d8869af3a83704a5d048424441ce4ad01,5.009605363703206
d69d2c6bc916b8d054bd50f4270a1c6d8cca1426,9.394956548648771
bd18fefd95851483c8aab15987fec421f92523fb,6.009390313796693
aa953585f60c1f5711c6d5159abbcaafcc89eb77,6.8209449196532965
e816ed48800359bfd078c1444a40e00be6fbb5bf,5.752555831238838
badf8b0a0c342afb7e1eecc4fb19feb7ed28e180,5.769645264189734
c072621681c71501470509aeb1c51e3f9f98df5e,8.259991950779192
cb16d181d96fc8c94f8416437c059b5f0aabded1,5.708196977472933
99935e2b7f9f41bd823ece5418896aaf72e223fc,9.628304024693215
e89a4f1825ece62064e95e63475769011258af36,9.000886203718629
9ec1ac8c3d812703485bee8d58b2a81f4edc8754,7.319937914829015
ad03c4fb44da8b106e362ef8c65fe2bf34a385d1,6.485071846841013
e04a53abed6db648ac01e162aad84ef8b608365b,8.877350530400513
d8550edf3efaf335a9648aec7584ab6acb55cf30,9.694693118513936
e67fff49031a4f2699f10d6a2dd89b4cafc70323,8.262155101296914
f944b947ec651ccf64807b644af38c6f04229bb7,5.6082979184378035
737dd3b5a70f36e8bb79f4c5cf86c7ccfb1e7d55,5.306487081336277
e659bb37740950badc7fac606f227ba5f74fa866,5.658922492187921
ce56b4a23981e6c9f70e87f087bc1be07fdf25cd,5.822666677255432
e873b044ecba72370076d7fe198eeaad94bef3a1,3.6916056727463005
ecd66b9bbdcc6ae1eb9a6b765868cba3601730b6,7.216733865219203
c746678029d2139e7658a0f94e98bbf09f258673,8.358329244848832
9bc8e6286b7a331de79c4c4e868b806c0b3bb12a,8.84030172825226
a90b8415afe8507a36e7be7511fd36f1045418b7,5.617572235187956
bb603e54f5809d802fec4c70df7b2c29a5125a89,7.264033668053237
f492b1eb37bae60ab4597c161e7b67d9cc9e4dc6,7.583625817093781
dc5325f05ad384cacb2431acfa1f398913151afb,7.285967081980382
f459440c7a99294ca9763f332cd9aa09b0c280d6,5.215945575665144
994f5b5cdc8a126efbb290700caf797948ac1841,9.932951433498783
b041f9ef5ab6da232256530cf8e22c31ac99971d,9.039066783391984
88188301e8d3565c7f1e2cee1f9ab8794676216a,5.928176048584568
cb72cf616f3cafed458ef94be529c172bbcc5277,7.18210156962582
bf22fb15bf51bc4bcf3d50f7494caad62a596d0e,10.0
ce201bf315598feafcad345a663284bc266862c0,7.717189740245848
f9e06c04dc036b01f65e7f71a9201922f201dade,8.863640395894045
ae7e6756887c7c2d0e3d26bb83045d298dcb5ddd,8.679898161066053
bb81a7f88631b987cd15c8d539e806ad17a5b664,7.169884693387003
d1e238d8cc58ceae3359c94b2a4a976a975fc9ac,6.875570995180352
f0be3049c99eb84be5aae5352c2f0ccf661e1f43,7.929594592160639
ededd47b1e0c18d4af4ad2b0cc21eebcb7c6e6b9,5.799047978207733
9d789185f1d5fb7bd42acd9d6dc1f5380fef1c4c,6.449650756443246
91f7019ee1831ead0e667cf264dfe7be6b743f3f,9.458985558959967
af12f06588c971f6425a28d61e4511bafff05bb7,8.604507964284625
ae75c8309bea2f4a1b1624ce50d0994d5b4dc451,9.549715949735699
d73a15bdcce722312152f547cec67e8dd584a6a8,8.985001488544658
f9f4d4ef2a3de006bd037db9eb160ab8e51c79f2,9.361780449964346
f91758fe4f441cd4b7b053a03252b4c50f3d4737,8.764526520128335
e99d4fb3ef87d5e201da3b08841541fd953af089,6.452737083296318
d2ef78c03149ddfd267005d0dcd248adcc227e02,7.238764183345112
edd78ffaa7bc16d94ee6908b98b3d9863f492c89,8.117379373423859
88a694a270a460f5a09e1e8c569b036d03b9b5ea,8.709719594536178
ba37558e4c84bdb5486d1b3622b0ac7ed3d5222d,8.436020628023147
8ef999ab1a83c2760064ac6c7a4b6c4115c5a186,9.262178064105711
d92840812393583b0f053de80ecee59f5b19bc03,10.0
9cf5d1c0d7ddfd6b78c222e83894ca3a75ee47f2,8.473125259149487
92828f67b16f5e96ddb0d436aaa6f1193104c037,6.26631959910501
98903e3bc03971360097ad809526370f701ef5f7,9.735670224990912
5b023883ac089df249ef06f7c8c4398f37e1c55d,5.082608758807487
d11e42daac68288eea95d8923771a326e667b520,9.050326922756408
529d7e5b25e40c18bb7ea49be0963ed7f3e288ea,5.910892287149543
b51687ca4edcbe2376bc3204617227bceb0a52c0,7.334461418906466
92213400df98f5441533511526206328cdde4159,8.127953311708906
8e5fc3c13f17c0502fe3f0a8404b461b46183f8a,8.912124160827485
b3946c98c388b721854634038fbd1820a7ff046d,5.791653309810949
ad57f4feb3cdcdfbb77d4ccd074d9ca50227661d,9.489833577533275
adc3882c435a390c34d34279b5528215928944df,10.0
b8e898c506ad360ead5d4fafe6651fadfed6645a,6.150143253270665
a10c5f4ba04fc56032719cc84184c0ad5b5f8446,5.928096670770531
e07c3edba3602b0d172c2db763539dfa9819027c,8.699204528483143
c3fdd44aeb469416e4895afe4040e54eebc23db5,6.778740725901109
549b4b9f5408631f8a062a6a3b71c496646ee0fb,5.407488651236779
f440f5463ae218aef17a60e9f2ffc7dbbc45dc54,7.525460230328931
f92e3ec921384713419dca56d1fe2be1d51f1b54,6.674643568677242
797c7c555f32a47816ca7f0c017002a2131c132a,5.1801995019755775
eaf60b6a377c720fa7a13f97831f38531047a217,8.589520641740389
f91b376092344f19705df8873d25aa4a34bafce6,8.015913802733408
bbaeaab91cec9991b4747c8ca3fba0981bf68ad5,2.8152728054913987
9272bf390ef4a8e31a5285c14ec721495414c53a,6.647921168198042
d66c55f4502b462e88d4529dd6b4d167fd42d165,8.788291607035905
950671c7855e25bf4a8330768cabc430bee030c9,6.709368866245542
9d46769291771df99e8061cc9c5d79aacb087210,5.378035830722466
cbb7db3eb5270179fe8ebb9e73dde2c894c9a971,6.509568920830187
baae1f7bd8567b6f9e220cc863c92124fa71e1fe,9.22820325796705
cc1f8f78f5ef5237c717194b38699b168c265513,6.126976317275938
f4367a0ab2083a66a5fa812df89e590d3fd3b5a8,4.948902739986607
e85a79ca1bb1f59951efb5c25e40e0ee73985cdb,5.876812817295269
9b6d776d82bca421eb10bc4a1f5f866af7fc2a3d,9.403819951027842
9d69c1d50467997289ee1396002cd197883a2b74,3.5691414982886527
bc8caaa2729aa0c9179e8d66388586a4a8586f20,8.56014617837874
aa2288779d4ddfe46b3dcab170577d4f5096ab15,6.0369704242990565
fb0a2834f5f131005e12dc1962056623ee6a7188,7.12274120434375
9b4fd6bc9be128b294d3a8590bb6a146bc503902,5.695436173187668
f9491b0ab4aee90c428545e0e315a3af1f827595,9.86828209089792
b1179b71e93f6ccfe9702cc342e53c5c04d2cf60,7.333069160086498
cf8a26a2ce3ac2cfd81a1050e73bdc7a4cd225e0,3.478440520740181
8b158f3040b574b6d08148e24946fba8bbdc29ca,5.981965583966932
326a025b5c23347b9eb2c5ceae75a5908a461f69,5.419537572959599
9d91374d67624389dacb4b429b8fa8c18442b29c,7.582867553392029
a24729ea6c4aab24a9d6dc73513113e8b8fcf35c,5.013456404317058
f4d9301713b16c13c174f19e18d0200175494a79,7.642575087846122
b27862a2f9590331f29ffdc8f3648dec2a7a7d30,5.42537505108656
9c03af1da21c500de8e0a1be24e3c22d341961ca,6.352787931217483
c8ea10d959a7c782b45e6e83040472d432fa448f,6.142830065638032
96d8f7656a57c4a757129d95863a463358a0c3ca,8.462854484761237
dfdeea1cf0b4fb6c906a25d99aa5756efe14c996,8.624529664217626
9a5d7462df7a85794cd0d7d2c510ebf725d2e13d,7.112204151437911
ece9b75bda9d53b5a67f7bb53b5635a3df017020,5.974943370087628
c4504ac02ad7e7e0c9ea3a1d78601374e483fc30,5.832464973040414
8ee958ba68793684a9962e1b60847d7b73d7c9d1,6.659071327945844
8ab396fa5981adcdc777254c57ea744f1fd4cd2c,8.399542835804176
bfb055d2c2ba396d5e6bd6022719b3ade1cd1407,8.031122186125053
c8bd30152ccbeebb18f9b1fedac0869f845980df,8.134747317958375
8f19ffb508b23f955b93ebd99153f8ec99025785,6.087309861067897
a94238b07de77bffd5189487ac3d56b96db7e09a,6.335465380539169
a819175c8808635fda7c3854536f82d90a7b31cf,5.826245613069391
f4a045088bd0003226023c10214248049d9da90f,1.6611693060404515
e1d3226bcfad8043e69d31f3d76e719c7f041d3e,8.635378092470393
cee203ff00aaca3eaaef780ea6c4a68a3f8fd2fa,7.820296706478814
c21b13edbab3d247c8816a374ebb57ef71700952,7.77176627813669
a7e953186fda9e7bf8368e2d00a19d024f7db5c8,8.63750797237381
209d7c77e7a150b6990a3372f7cb24da0c0e7e07,7.24014777935783
86d9a98ab0225d2c2faf6d51fe3b9fad194c3ce3,5.489083239691594
cd6862158d54e5c270e8d4bed99f73f32a721e14,6.541333077725415
fef4a3263ed9a8ab14d457694bb8fd86ccd98312,8.874824508975468
9a6d7a470aab3fb51ab58261637c58c239ad804f,8.619122091607535
d6515d627895751c832a3075053719da2f5e6cef,6.88381616516185
a57e6a1dc883554789ef6049be9b51530a7aa207,8.62855361211848
c670d2529bab25c82fc7c3757cb11e7f2e404de8,6.838246516837829
c096fc1d9c0ad8efae9cfd509f75522c50603692,9.248608063728316
9cf17df2214b19cf4cd63df22b802afde8cb98eb,8.416624660489573
b9cfcb9ade5f88679b72a7977c50eaca7170206b,7.459437729640712
0134f9f410c65ad0e8c2254a7e9288670e02a183,5.517699564353857
f6c974c003c063735fb1afcba0aec50acdb89861,6.039107018836457
efcf2fbf26e74d0af378d96a168c8cdc05c42a84,8.264254285401158
92cea32d04d98c66af1c1366fe9811047a9b1cea,9.38225687005138
bdcfd5ee015db872058dc442ab9d3c72518366ff,6.192423632472227
93635a4013ec683f217cad90ca4e41aa557c3922,2.7248552271112434
e0850b1bd8f8de58096da128ec94efbdf5f05ca8,8.978242733019776
c8a8565f00553a00a5d510958dc8c40a4a477783,9.004960304509712
0aaebc88f6106684d6993c156104c1ef36cf94e0,5.660184496653562
f037357014544261767c6ab5b172b246b09d3ddb,6.198450383227685
edc5737211dd036ad81985e117aea3ab9cbc030a,5.864067999080765
e036815d3a8d88224e7e8a95c64ca031dd5b205f,5.190131379191097
a3748712b8685edb49cf966b7e662e1647503013,7.600790551486311
f6f5b15522aa9457158ec6d7a16caaacd6cbee42,7.82285500466773
b9db6bc5ded963759b9a1db58adbaad3314169d6,6.474819094865694
e95d7442ab6fb642a8c3529ef2fc8aa25a774e13,9.884096854276338
c20545cf079fcd100052faf6db21ee865023525f,9.075130171102447
9d12b920015fc145b62c73ca689e71a362e33b35,4.411942438008966
b152244728671db447c59ab0796fac9a423e1356,7.904689879352132
79fb09750bdb85310622bf240e1060ef8de8bce1,5.121382808504102
fe516d090eef192c93197ed87878da0e23908140,8.247193749917614
f59fe9b15a7762aa5ffb0653396da3f4f2536553,9.046908624423148
b6cb94c201726bd4e4dcadc007dba2c69933e0c1,8.504828481816215
339fff79c43561c995b29972a962ccec846c599f,5.929050151175376
aafa3b985fc5f4f1f6dbe50b8edc01713225dd2d,9.923763396965754
cf84076c807f395016eaee41297162276781b963,8.512524727089179
e85a95e2eddbdafe7db54351ce3680933e09d0a3,7.144049015436156
945546f9d4db4b9599e57ffd4271193406f0d96b,4.008657729578913
e58eaf39ea458008043bd1472f267706524f1fc2,7.104983221860431
9b0622ca034d946055f8590f554fde632487742f,10.0
df17da01944f34b2a6b59e8d45407c1297f9834a,8.449650387869857
9b536900fbffe20f4db747af055dec68b3ddb6ab,7.615095847181848
f156718d3970030deec27298f56fc78a00c00f5a,8.43101120092749
dade8cdd2806e1efa138e68d984abd0ab1c87ced,7.921229277376325
edc641c842df448a70ce315e00b6dd4461a260a9,8.284079092994482
8beffc1494bb81af08c352aea875a183e45bd824,7.838542833999403
a18783b2a14d61192a1b97ce3daca9e67cb8cd59,8.691269882151886
980a5ef7011a98b8fa55e5ac3d7ebce6f7784286,7.802342326093683
a688299300a50fed79edb502fb02fc503a564308,6.716274386310913
c45bf22121eaa2f37dfec2f58729d22394ea220a,8.408555751673145
88003ba023714648c4312658ad9a4b3703e56de0,7.304145832766736
934776ec5bd2147907362602555bd692fc56aab9,8.220163315240217
c13d9b5245d8fc600da9390192908048857599ea,9.408922041706402
add7a23a1b66010154da076a059216a13b90191a,6.823633917800216
e621f4d6991a537e4508648aa4c3fc278091ec1d,5.8192009694101134
baf05c058d7a427783ab9bde33f38d55ae8ac0cb,7.956596776368627
ea2f8736bbf1d859fb5b46f848db37f421181bd4,5.221870937638849
bc54069a859b02cf1b00e7ab77d68132f9021c8e,8.313126770683272
55ef1cb9ba9a618396f8f82aefdc261d00864381,5.851620648771091
eb870373b64f0be961f503936f7a725fca60fb32,8.244372441011485
ef070fa973803bec505aeb6230acdd7a917e2a59,7.557469148190902
e13e39c815ec66160db3c75b7331dc1a0dd1d4ce,6.663294445439322
9aace874af47927645c48f21ffeb82f8e15f24e1,9.415244592970453
f86b9fba1d59be7c864d4f23d0c7674113a27cab,8.517479741996084
defaf0c38d68f9958bd180e1a709f130a999b2e6,6.626877459051696
eaad1484ffa24b01432fa3564a8635bda0b4c34c,7.708625139730271
c8d7193cba58a3bf26ba18f4ba5728c56ddcd4a3,7.9787850724112745
ce892387ba13c6b526d18de003b62c1bfe4c125f,5.864778043327519
a5fbdd306fbe3003283cf2cb7ae4c371c9693290,6.55004052173779
89cc639060f3d63cf21d893882e544497e32aeea,5.879555622619082
875e48fd13e52a01a4d48d745d72128f25b9ec81,9.159789378815198
f2d54f193cc71d429fd5803b2e4721d012afe568,6.790730044064166
fe31861a03511f91760de27adfb8803e8ad321b8,4.364090457052235
b2a46e3625d075ff330baf8e18019e1af424bc62,5.4918762303782795
ac164aef8492a4d178d0704b602f0522512dd913,8.731548532101565
a40402ff4c87721e74766e6751bb458653b3e686,7.025251224015318
bd9bd34617afb5bf1f3ff27e575c4df427ac32dc,7.805243882825621
ab4e0b5338de7292c155831c4bd68a740ae6d05f,8.138345670227967
eb2a090421ba380ba6c0a8119510e031bc4e55ea,10.0
d08b1608a634fda68fd097f278ce9fd4ac24046a,6.848486245773305
b7289b3b24fd67017ed82f62a889b4c9a0fb5ba4,5.112557310350155
9a31bbe1021725b074357ae4668bed6eb7e46bc1,3.8212819371766202
eb7470e41cb0d50314e9755be518f55b093a4975,8.597829797056644
a76e1891c401fc5f73f6942768488b1487533472,8.926837110978898
a5f22a73b7cb93619da1f3cbc56febec52b1c16e,7.68711101836794
851d9a4b9b8e236f2d62282ddf06fae57b7d9492,7.724941831599982
96ded661b95e3d4d3cf1c8d45aeae3b335224583,9.231308428359775
d20b8e96e5c520827768fe614961d0534c6f2680,8.768262436394682
5235e36e00b0e927e6ce9f6f771ef92915857989,5.150545034447314
cff1765d7a97d3f012a354586ccfd49fdaf6aa44,8.544138124439549
f0d74f349e6479eaecf425634f8b0dd51e60d60c,7.950268910620118
508e0627871ed482bd8ab34544e43e5d856a889c,5.37731616708717
d525d6edf4b0c6362ddaa4814c3930a6a62bdc99,7.3906255439971345
b722e6209f2858faf0bf80947cadcbde586bb666,5.365566173923105
b45e8d507778dab56f381a681c453cbf4d3b4050,5.923342639555451
ea385e57f5d3d6841a6997dd7af680e135928bca,6.096841825011606
